<?xml version="1.0" encoding="UTF-8"?>
<project-private xmlns="http://www.netbeans.org/ns/project-private/1">
    <editor-bookmarks xmlns="http://www.netbeans.org/ns/editor-bookmarks/2" lastBookmarkId="0"/>
    <open-files xmlns="http://www.netbeans.org/ns/projectui-open-files/2">
        <group>
            <file>file:/E:/PRACTICAL%20SAM%20JAVA/Practical%203/p9.5%20download%20files%20blob/src/java/blobDownload.java</file>
            <file>file:/E:/PRACTICAL%20SAM%20JAVA/Practical%203/p9.5%20download%20files%20blob/src/java/insertblob.java</file>
        </group>
    </open-files>
</project-private>
